industry,gdp,year,quarter_num,gdp_qoq_growth,gdp_volatility_4q
Accommodation and food services  [72],42114,2022,1,,
Accommodation and food services  [72],47986,2022,2,0.13943106805337901,
Accommodation and food services  [72],50268,2022,3,0.04755553703163429,
Accommodation and food services  [72],50680,2022,4,0.008196069069785983,
Accommodation and food services  [72],51635,2023,1,0.0188437253354381,0.05964614671515843
Accommodation and food services  [72],50375,2023,2,-0.02440205287111452,0.029717612713178212
Accommodation and food services  [72],49509,2023,3,-0.0171910669975186,0.020496379200897898
Accommodation and food services  [72],50369,2023,4,0.017370579086630755,0.022661149259309565
Accommodation and food services  [72],50941,2024,1,0.011356191308145913,0.02065839079304173
Accommodation and food services  [72],51011,2024,2,0.001374138709487438,0.015126743808378088
Accommodation and food services  [72],50720,2024,3,-0.005704651937817329,0.010268675163229964
Accommodation and food services  [72],51107,2024,4,0.007630126182965213,0.0074814229455921364
Accommodation and food services  [72],51689,2025,1,0.011387872502788277,0.007492289800561236
Accommodation and food services  [72],52010,2025,2,0.006210218808643919,0.007387375133295365
Accommodation and food services  [72],51914,2025,3,-0.0018457988848298301,0.005573505236801019
"Administrative and support, waste management and remediation services  [56]",58848,2022,1,,
"Administrative and support, waste management and remediation services  [56]",59582,2022,2,0.012472811310494825,
"Administrative and support, waste management and remediation services  [56]",60453,2022,3,0.014618508945654751,
"Administrative and support, waste management and remediation services  [56]",60753,2022,4,0.00496253287678039,
"Administrative and support, waste management and remediation services  [56]",61243,2023,1,0.008065445327802845,0.004342059397143215
"Administrative and support, waste management and remediation services  [56]",61477,2023,2,0.0038208448312460064,0.004845257282447066
"Administrative and support, waste management and remediation services  [56]",61092,2023,3,-0.006262504676545655,0.006204257324238262
"Administrative and support, waste management and remediation services  [56]",61072,2023,4,-0.0003273751063969099,0.006109102829009868
"Administrative and support, waste management and remediation services  [56]",61305,2024,1,0.0038151689808749722,0.0047681900744895945
"Administrative and support, waste management and remediation services  [56]",61114,2024,2,-0.0031155696925210252,0.004278417817737377
"Administrative and support, waste management and remediation services  [56]",60826,2024,3,-0.004712504499787329,0.0037357575614170558
"Administrative and support, waste management and remediation services  [56]",61011,2024,4,0.0030414625324697298,0.004300564173799028
"Administrative and support, waste management and remediation services  [56]",61286,2025,1,0.004507383914376106,0.00452629300951695
"Administrative and support, waste management and remediation services  [56]",60912,2025,2,-0.006102535652514396,0.005364967810041016
"Administrative and support, waste management and remediation services  [56]",60805,2025,3,-0.0017566325190438992,0.004825958571170373
"Agriculture, forestry, fishing and hunting  [11]",38856,2022,1,,
"Agriculture, forestry, fishing and hunting  [11]",42812,2022,2,0.101811817994647,
"Agriculture, forestry, fishing and hunting  [11]",47356,2022,3,0.10613846585069608,
"Agriculture, forestry, fishing and hunting  [11]",46661,2022,4,-0.014676070614072168,
"Agriculture, forestry, fishing and hunting  [11]",44344,2023,1,-0.04965602966074456,0.07990741076151434
"Agriculture, forestry, fishing and hunting  [11]",42510,2023,2,-0.04135847014252214,0.0722425432447932
"Agriculture, forestry, fishing and hunting  [11]",40809,2023,3,-0.04001411432604096,0.015113977406399108
"Agriculture, forestry, fishing and hunting  [11]",41525,2023,4,0.017545149354309064,0.03090621162499294
"Agriculture, forestry, fishing and hunting  [11]",42605,2024,1,0.026008428657435356,0.036232369103588714
"Agriculture, forestry, fishing and hunting  [11]",43222,2024,2,0.01448186832531384,0.03007730252045163
"Agriculture, forestry, fishing and hunting  [11]",43855,2024,3,0.014645319513210797,0.00541162605828952
"Agriculture, forestry, fishing and hunting  [11]",44047,2024,4,0.00437806407479191,0.008838290866796257
"Agriculture, forestry, fishing and hunting  [11]",44355,2025,1,0.006992530705836941,0.0052362590107751135
"Agriculture, forestry, fishing and hunting  [11]",45259,2025,2,0.020381016796302553,0.007297610484818776
"Agriculture, forestry, fishing and hunting  [11]",47233,2025,3,0.0436156344594445,0.01794172884543373
All industries  [T001] 5,2180563,2022,1,,
All industries  [T001] 5,2203812,2022,2,0.010661925383490312,
All industries  [T001] 5,2220933,2022,3,0.007768811495717509,
All industries  [T001] 5,2220068,2022,4,-0.00038947595447502703,
All industries  [T001] 5,2243529,2023,1,0.01056769432287652,0.005203872265600245
All industries  [T001] 5,2250113,2023,2,0.0029346623110286796,0.004891600376571713
All industries  [T001] 5,2251327,2023,3,0.0005395284592373262,0.004971053538120368
All industries  [T001] 5,2256559,2023,4,0.0023239627117694894,0.004435465260532239
All industries  [T001] 5,2272242,2024,1,0.006949962309870994,0.0027066275800620506
All industries  [T001] 5,2289577,2024,2,0.007629028950261407,0.0034706341464937874
All industries  [T001] 5,2302487,2024,3,0.005638596124960982,0.002357135096278912
All industries  [T001] 5,2315470,2024,4,0.005638685473577043,0.000992620677365993
All industries  [T001] 5,2324643,2025,1,0.0039616147045740124,0.0014999458405009995
All industries  [T001] 5,2318577,2025,2,-0.0026094329322825516,0.003924972830782849
All industries  [T001] 5,2330397,2025,3,0.00509795447811312,0.003818924035111968
"Arts, entertainment and recreation  [71]",14691,2022,1,,
"Arts, entertainment and recreation  [71]",16829,2022,2,0.1455312776529849,
"Arts, entertainment and recreation  [71]",17445,2022,3,0.03660348208449693,
"Arts, entertainment and recreation  [71]",17875,2022,4,0.024648896531957565,
"Arts, entertainment and recreation  [71]",18312,2023,1,0.02444755244755248,0.05875783813177321
"Arts, entertainment and recreation  [71]",18331,2023,2,0.0010375709916994325,0.01489176292984329
"Arts, entertainment and recreation  [71]",18673,2023,3,0.018656919971632657,0.011125942398358474
"Arts, entertainment and recreation  [71]",18545,2023,4,-0.006854817115621525,0.014677014268992516
"Arts, entertainment and recreation  [71]",18695,2024,1,0.008088433540037743,0.010833160073014486
"Arts, entertainment and recreation  [71]",18837,2024,2,0.007595613800481349,0.010477168407186472
"Arts, entertainment and recreation  [71]",18957,2024,3,0.006370441153049855,0.007139786220220714
"Arts, entertainment and recreation  [71]",19043,2024,4,0.004536582792636024,0.0015819757709453167
"Arts, entertainment and recreation  [71]",18994,2025,1,-0.002573123982565817,0.004547529284070596
"Arts, entertainment and recreation  [71]",19262,2025,2,0.014109718858587028,0.006854177090490467
"Arts, entertainment and recreation  [71]",19156,2025,3,-0.005503063025646404,0.008729978780140337
Business sector industries  [T004],1775653,2022,1,,
Business sector industries  [T004],1795049,2022,2,0.010923305398070404,
Business sector industries  [T004],1808896,2022,3,0.007713995551096309,
Business sector industries  [T004],1803695,2022,4,-0.0028752343971129024,
Business sector industries  [T004],1823605,2023,1,0.0110384516229185,0.006566880833392813
Business sector industries  [T004],1829551,2023,2,0.0032605745213465376,0.006019073432934985
Business sector industries  [T004],1827986,2023,3,-0.0008554011339394485,0.006152363349171652
Business sector industries  [T004],1837074,2023,4,0.0049715916861508,0.004937851892607055
Business sector industries  [T004],1844386,2024,1,0.003980242494314279,0.002561035356541803
Business sector industries  [T004],1855793,2024,2,0.006184714045758266,0.003085107376155715
Business sector industries  [T004],1864297,2024,3,0.004582407628437091,0.0009307517944821419
Business sector industries  [T004],1876693,2024,4,0.006649155150708186,0.0012714797531848507
Business sector industries  [T004],1884381,2025,1,0.004096567739102719,0.0012304008359651153
Business sector industries  [T004],1877041,2025,2,-0.0038951783105433124,0.004636302627360766
Business sector industries  [T004],1889631,2025,3,0.006707365475767446,0.005006664421568031
Construction  [23],167793,2022,1,,
Construction  [23],167111,2022,2,-0.004064531893464007,
Construction  [23],165643,2022,3,-0.008784580308896506,
Construction  [23],166277,2022,4,0.0038275085575605328,
Construction  [23],165563,2023,1,-0.0042940394642674296,0.0052424955744158706
Construction  [23],166954,2023,2,0.008401635631149373,0.0077602518637990585
Construction  [23],166697,2023,3,-0.0015393461672077446,0.005651525832297292
Construction  [23],165098,2023,4,-0.009592254209733864,0.007551446326371417
Construction  [23],164985,2024,1,-0.0006844419678009306,0.007360306294149328
Construction  [23],165679,2024,2,0.00420644300997064,0.005717430965656168
Construction  [23],166039,2024,3,0.0021728764659372235,0.006085446307248216
Construction  [23],167700,2024,4,0.010003673835665028,0.004522034106341595
Construction  [23],167806,2025,1,0.0006320810971973678,0.0041032662750610785
Construction  [23],168204,2025,2,0.00237178646770686,0.004211433178780008
Construction  [23],170324,2025,3,0.012603743073886564,0.005801386447418376
Durable manufacturing industries  [T012] 5,114778,2022,1,,
Durable manufacturing industries  [T012] 5,115402,2022,2,0.005436581923365047,
Durable manufacturing industries  [T012] 5,115013,2022,3,-0.0033708254622970557,
Durable manufacturing industries  [T012] 5,113539,2022,4,-0.012815942545625236,
Durable manufacturing industries  [T012] 5,118105,2023,1,0.040215256431710644,0.023132852020932383
Durable manufacturing industries  [T012] 5,118046,2023,2,-0.0004995554802930124,0.02348563093901813
Durable manufacturing industries  [T012] 5,116934,2023,3,-0.009420056588109738,0.024454837701998876
Durable manufacturing industries  [T012] 5,114759,2023,4,-0.018600236030581363,0.025935991774914895
Durable manufacturing industries  [T012] 5,112154,2024,1,-0.022699744682334266,0.009905764982516656
Durable manufacturing industries  [T012] 5,111233,2024,2,-0.00821192289173811,0.007051627464615925
Durable manufacturing industries  [T012] 5,110244,2024,3,-0.0088912463028058,0.007188072241688819
Durable manufacturing industries  [T012] 5,110625,2024,4,0.00345597039294665,0.01069948601944767
Durable manufacturing industries  [T012] 5,112110,2025,1,0.013423728813559244,0.010624149853125915
Durable manufacturing industries  [T012] 5,108364,2025,2,-0.033413611631433415,0.020215952905298297
Durable manufacturing industries  [T012] 5,108900,2025,3,0.004946292126536411,0.020812714372303625
Educational services  [61],116984,2022,1,,
Educational services  [61],118325,2022,2,0.011463106065786821,
Educational services  [61],119150,2022,3,0.006972321994506592,
Educational services  [61],119861,2022,4,0.005967268149391414,
Educational services  [61],121226,2023,1,0.011388191321614283,0.002890695293838812
Educational services  [61],121646,2023,2,0.0034646033029217538,0.003307152753601284
Educational services  [61],122686,2023,3,0.008549397431892647,0.003403604219264653
Educational services  [61],117290,2023,4,-0.043982198457851784,0.026098123747298807
Educational services  [61],122580,2024,1,0.045101884218603505,0.03656312342378265
Educational services  [61],125454,2024,2,0.023445912873225616,0.03793532226940511
Educational services  [61],126137,2024,3,0.0054442265691010405,0.03795970131805983
Educational services  [61],126004,2024,4,-0.0010544090948730878,0.02069354381891113
Educational services  [61],126732,2025,1,0.005777594362083693,0.01050997794224658
Educational services  [61],126701,2025,2,-0.0002446106744942167,0.003632093828894222
Educational services  [61],126342,2025,3,-0.0028334425142658715,0.00373737836488684
Energy sector  [T016] 5,146222,2022,1,,
Energy sector  [T016] 5,148971,2022,2,0.018800180547386747,
Energy sector  [T016] 5,151259,2022,3,0.015358693973994919,
Energy sector  [T016] 5,148057,2022,4,-0.02116898829160574,
Energy sector  [T016] 5,150041,2023,1,0.01340024450042887,0.018645098883918146
Energy sector  [T016] 5,150624,2023,2,0.003885604601408854,0.016790452964559794
Energy sector  [T016] 5,150895,2023,3,0.0017991820692584426,0.01466221763443051
Energy sector  [T016] 5,153148,2023,4,0.014930912223731774,0.006622249629867809
Energy sector  [T016] 5,151700,2024,1,-0.009454906365084725,0.009992022667633972
Energy sector  [T016] 5,155575,2024,2,0.02554383651944625,0.015261934598174544
Energy sector  [T016] 5,156200,2024,3,0.004017354973485432,0.014989472080509457
Energy sector  [T016] 5,158356,2024,4,0.013802816901408388,0.014844560550292447
Energy sector  [T016] 5,161525,2025,1,0.02001187198464227,0.00922846947234353
Energy sector  [T016] 5,158537,2025,2,-0.018498684414177347,0.01689071287148622
Energy sector  [T016] 5,161087,2025,3,0.016084573317269868,0.017752075251685033
Finance and insurance  [52],163893,2022,1,,
Finance and insurance  [52],162023,2022,2,-0.011409883277504251,
Finance and insurance  [52],161034,2022,3,-0.006104071644149278,
Finance and insurance  [52],161018,2022,4,-9.93578995740485e-05,
Finance and insurance  [52],163750,2023,1,0.016967047162429028,0.012318431632071261
Finance and insurance  [52],164270,2023,2,0.003175572519084069,0.009775125872008059
Finance and insurance  [52],163909,2023,3,-0.0021976015097096013,0.008625299550079046
Finance and insurance  [52],164899,2023,4,0.006039936794196787,0.008071673162551399
Finance and insurance  [52],166399,2024,1,0.00909647723758189,0.004803543709857767
Finance and insurance  [52],168824,2024,2,0.01457340488825043,0.007004993227118426
Finance and insurance  [52],172420,2024,3,0.021300289058427735,0.006703367303769521
Finance and insurance  [52],174161,2024,4,0.010097436492286338,0.005558183517857587
Finance and insurance  [52],175054,2025,1,0.005127439553057167,0.0068694817923936665
Finance and insurance  [52],175815,2025,2,0.004347229997600843,0.007814759803942826
Finance and insurance  [52],177156,2025,3,0.0076273355515741326,0.002605833877472663
Goods-producing industries  [T002] 5,574234,2022,1,,
Goods-producing industries  [T002] 5,580949,2022,2,0.011693839096953429,
Goods-producing industries  [T002] 5,585597,2022,3,0.008000702299169049,
Goods-producing industries  [T002] 5,577445,2022,4,-0.013920836343082388,
Goods-producing industries  [T002] 5,580675,2023,1,0.005593606317484845,0.011453256949919515
Goods-producing industries  [T002] 5,580405,2023,2,-0.00046497610539453227,0.009817483326621254
Goods-producing industries  [T002] 5,577838,2023,3,-0.004422773752810527,0.008189349246444037
Goods-producing industries  [T002] 5,579298,2023,4,0.002526659721236779,0.004275405681130895
Goods-producing industries  [T002] 5,577026,2024,1,-0.003921988337608595,0.003249300618849796
Goods-producing industries  [T002] 5,582404,2024,2,0.009320203942283278,0.006458249303655021
Goods-producing industries  [T002] 5,583766,2024,3,0.00233858283940358,0.005408836280013502
Goods-producing industries  [T002] 5,587300,2024,4,0.006053795527660055,0.0056809765448739575
Goods-producing industries  [T002] 5,592067,2025,1,0.00811680572109652,0.0030592387462920795
Goods-producing industries  [T002] 5,584714,2025,2,-0.012419202556467446,0.009274598823447222
Goods-producing industries  [T002] 5,591909,2025,3,0.012305161155710342,0.010935993171194142
Health care and social assistance  [62],169673,2022,1,,
Health care and social assistance  [62],171320,2022,2,0.009706906814873406,
Health care and social assistance  [62],173194,2022,3,0.010938594443147265,
Health care and social assistance  [62],174949,2022,4,0.010133145490028417,
Health care and social assistance  [62],176105,2023,1,0.006607639940782839,0.0018960329918470168
Health care and social assistance  [62],176927,2023,2,0.004667669856051715,0.002955143923563291
Health care and social assistance  [62],177741,2023,3,0.004600767548197826,0.002593313768507644
Health care and social assistance  [62],178715,2023,4,0.005479883650930217,0.0009354084343458492
Health care and social assistance  [62],181691,2024,1,0.016652211621855928,0.0058816414246380105
Health care and social assistance  [62],183814,2024,2,0.011684673429063652,0.005658243514916724
Health care and social assistance  [62],185830,2024,3,0.010967608560827902,0.004572934714628259
Health care and social assistance  [62],186953,2024,4,0.006043157724802128,0.0043410278137020145
Health care and social assistance  [62],187320,2025,1,0.0019630602343905235,0.004553661042724985
Health care and social assistance  [62],188411,2025,2,0.005824257954302858,0.003689965249771632
Health care and social assistance  [62],189390,2025,3,0.0051960872772820466,0.0018966758437602216
Industrial production  [T010] 5,375628,2022,1,,
Industrial production  [T010] 5,379116,2022,2,0.009285782742500581,
Industrial production  [T010] 5,380964,2022,3,0.004874497515272358,
Industrial production  [T010] 5,373489,2022,4,-0.01962127655106516,
Industrial production  [T010] 5,379046,2023,1,0.014878617576421282,0.015211633092121507
Industrial production  [T010] 5,379303,2023,2,0.000678017971433631,0.014496254941446345
Industrial production  [T010] 5,378551,2023,3,-0.0019825838445780564,0.014161166023780359
Industrial production  [T010] 5,380624,2023,4,0.005476144561763041,0.0074167439595137965
Industrial production  [T010] 5,377784,2024,1,-0.007461431754172132,0.005395852940164051
Industrial production  [T010] 5,381810,2024,2,0.01065688329839265,0.00799948336168299
Industrial production  [T010] 5,382303,2024,3,0.0012912181451507632,0.00766122514281649
Industrial production  [T010] 5,384150,2024,4,0.004831246419724655,0.007583851738401358
Industrial production  [T010] 5,388448,2025,1,0.011188337888845545,0.004768241850506368
Industrial production  [T010] 5,380520,2025,2,-0.020409424170030444,0.013715335963784875
Industrial production  [T010] 5,383947,2025,3,0.009006096920004314,0.014615594024422154
Information and communication technology sector  [T013] 5,124856,2022,1,,
Information and communication technology sector  [T013] 5,126650,2022,2,0.014368552572563642,
Information and communication technology sector  [T013] 5,129905,2022,3,0.02570075009869721,
Information and communication technology sector  [T013] 5,131401,2022,4,0.011516107925022112,
Information and communication technology sector  [T013] 5,134206,2023,1,0.021346869506320365,0.006468231800775488
Information and communication technology sector  [T013] 5,136178,2023,2,0.014693828889915439,0.0064051892864743784
Information and communication technology sector  [T013] 5,136922,2023,3,0.005463437559664497,0.006615153603078592
Information and communication technology sector  [T013] 5,136786,2023,4,-0.0009932662391726188,0.009868308393620387
Information and communication technology sector  [T013] 5,137795,2024,1,0.0073764858976796965,0.006456457458018909
Information and communication technology sector  [T013] 5,138369,2024,2,0.004165608331216708,0.0035824759944285585
Information and communication technology sector  [T013] 5,137711,2024,3,-0.0047554004148328,0.005384369264474864
Information and communication technology sector  [T013] 5,137786,2024,4,0.0005446188031457133,0.005203788477032485
Information and communication technology sector  [T013] 5,138324,2025,1,0.0039046056928859763,0.004154711241295856
Information and communication technology sector  [T013] 5,138468,2025,2,0.0010410340938664664,0.003610407927703678
Information and communication technology sector  [T013] 5,138281,2025,3,-0.0013504925325706907,0.002172994981619369
Information and cultural industries  [51],73874,2022,1,,
Information and cultural industries  [51],73960,2022,2,0.0011641443538998875,
Information and cultural industries  [51],74943,2022,3,0.013290968090859945,
Information and cultural industries  [51],74887,2022,4,-0.0007472345649359724,
Information and cultural industries  [51],76337,2023,1,0.019362506175971905,0.009661909652152998
Information and cultural industries  [51],78224,2023,2,0.024719336625751653,0.010977954686696888
Information and cultural industries  [51],77986,2023,3,-0.0030425444876253094,0.014022661240463028
Information and cultural industries  [51],78594,2023,4,0.0077962711255865624,0.01237959286393057
Information and cultural industries  [51],79815,2024,1,0.015535537063898097,0.011775594955120192
Information and cultural industries  [51],79648,2024,2,-0.002092338532857285,0.008812636597921943
Information and cultural industries  [51],79785,2024,3,0.0017200683005222928,0.007696020075781558
Information and cultural industries  [51],79551,2024,4,-0.0029328821206994204,0.008561457184153465
Information and cultural industries  [51],80095,2025,1,0.006838380410051359,0.00445648720164626
Information and cultural industries  [51],80295,2025,2,0.0024970347712092167,0.004002703193085621
Information and cultural industries  [51],80084,2025,3,-0.002627809950806359,0.004652729604359438
Management of companies and enterprises  [55],2162,2022,1,,
Management of companies and enterprises  [55],1909,2022,2,-0.11702127659574468,
Management of companies and enterprises  [55],1728,2022,3,-0.09481403876375061,
Management of companies and enterprises  [55],1589,2022,4,-0.08043981481481477,
Management of companies and enterprises  [55],1500,2023,1,-0.056010069225928216,0.025597706633022264
Management of companies and enterprises  [55],1380,2023,2,-0.07999999999999996,0.016084010682647237
Management of companies and enterprises  [55],1261,2023,3,-0.086231884057971,0.013411019169342302
Management of companies and enterprises  [55],1150,2023,4,-0.08802537668517052,0.014776993513712302
Management of companies and enterprises  [55],1072,2024,1,-0.0678260869565217,0.009135318352993508
Management of companies and enterprises  [55],987,2024,2,-0.07929104477611937,0.009155646481473217
Management of companies and enterprises  [55],907,2024,3,-0.08105369807497464,0.008378673634300011
Management of companies and enterprises  [55],822,2024,4,-0.093715545755237,0.010599428413925787
Management of companies and enterprises  [55],770,2025,1,-0.06326034063260344,0.012492004527220962
Management of companies and enterprises  [55],731,2025,2,-0.05064935064935061,0.01902324027438952
Management of companies and enterprises  [55],690,2025,3,-0.056087551299589644,0.01923136034406638
Manufacturing  [31-33],214391,2022,1,,
Manufacturing  [31-33],212641,2022,2,-0.008162656081645236,
Manufacturing  [31-33],211217,2022,3,-0.006696732991285814,
Manufacturing  [31-33],207835,2022,4,-0.016011968733577353,
Manufacturing  [31-33],213025,2023,1,0.0249717323838623,0.018099211336484698
Manufacturing  [31-33],214014,2023,2,0.004642647576575509,0.017648879778235517
Manufacturing  [31-33],210612,2023,3,-0.015896156326221655,0.01960354735584901
Manufacturing  [31-33],207809,2023,4,-0.013308833304844891,0.01892892429189519
Manufacturing  [31-33],206078,2024,1,-0.008329764350918367,0.009133807431729382
Manufacturing  [31-33],206171,2024,2,0.00045128543561179235,0.007201980114583996
Manufacturing  [31-33],206222,2024,3,0.0002473674765122169,0.006761522161568457
Manufacturing  [31-33],204996,2024,4,-0.00594504950975161,0.00443153098085577
Manufacturing  [31-33],204895,2025,1,-0.0004926925403422322,0.003034079915018018
Manufacturing  [31-33],199025,2025,2,-0.028648820127382346,0.013576451096406253
Manufacturing  [31-33],200642,2025,3,0.008124607461374111,0.015712137030301825
"Mining, quarrying, and oil and gas extraction  [21]",106733,2022,1,,
"Mining, quarrying, and oil and gas extraction  [21]",110125,2022,2,0.0317802366653237,
"Mining, quarrying, and oil and gas extraction  [21]",111499,2022,3,0.012476730987514228,
"Mining, quarrying, and oil and gas extraction  [21]",108755,2022,4,-0.024610086189113756,
"Mining, quarrying, and oil and gas extraction  [21]",109867,2023,1,0.010224817249781637,0.02347179791905033
"Mining, quarrying, and oil and gas extraction  [21]",109401,2023,2,-0.004241491985764623,0.017072459141053785
"Mining, quarrying, and oil and gas extraction  [21]",111287,2023,3,0.017239330536283903,0.018483386782555532
"Mining, quarrying, and oil and gas extraction  [21]",114058,2023,4,0.024899583958593485,0.012393324155284907
"Mining, quarrying, and oil and gas extraction  [21]",113268,2024,1,-0.006926300654053197,0.01574108315233001
"Mining, quarrying, and oil and gas extraction  [21]",115614,2024,2,0.020711939824133996,0.014285808401148615
"Mining, quarrying, and oil and gas extraction  [21]",115225,2024,3,-0.003364644420225882,0.016292967658262505
"Mining, quarrying, and oil and gas extraction  [21]",117378,2024,4,0.01868518116728146,0.014440943531359602
"Mining, quarrying, and oil and gas extraction  [21]",119370,2025,1,0.016970812247610212,0.011182018162338362
"Mining, quarrying, and oil and gas extraction  [21]",118296,2025,2,-0.008997235486303046,0.014068423401755585
"Mining, quarrying, and oil and gas extraction  [21]",120325,2025,3,0.017151890173801254,0.01332214728362809
Non-business sector industries  [T007],404641,2022,1,,
Non-business sector industries  [T007],408081,2022,2,0.008501362936528922,
Non-business sector industries  [T007],411074,2022,3,0.007334328233855603,
Non-business sector industries  [T007],415556,2022,4,0.010903146392133856,
Non-business sector industries  [T007],419014,2023,1,0.008321381474458267,0.001514903031229274
Non-business sector industries  [T007],419833,2023,2,0.001954588629496934,0.003763094721650727
Non-business sector industries  [T007],423090,2023,3,0.007757846572327587,0.003776754918196535
Non-business sector industries  [T007],419211,2023,4,-0.00916826207189958,0.008117008985293333
Non-business sector industries  [T007],428083,2024,1,0.021163566795718625,0.012624733606646451
Non-business sector industries  [T007],433742,2024,2,0.013219399041774604,0.012846439382887839
Non-business sector industries  [T007],437949,2024,3,0.00969931433893878,0.012858662884817981
Non-business sector industries  [T007],438238,2024,4,0.0006598941885926912,0.008498934988193691
Non-business sector industries  [T007],439808,2025,1,0.0035825282152619486,0.005705767671037372
Non-business sector industries  [T007],441596,2025,2,0.0040654103608848136,0.00377756059284483
Non-business sector industries  [T007],440753,2025,3,-0.0019089846828322932,0.002781213073530598
Non-durable manufacturing industries  [T011] 5,99491,2022,1,,
Non-durable manufacturing industries  [T011] 5,97194,2022,2,-0.02308751545365917,
Non-durable manufacturing industries  [T011] 5,96184,2022,3,-0.010391587958104465,
Non-durable manufacturing industries  [T011] 5,94290,2022,4,-0.01969142476919239,
Non-durable manufacturing industries  [T011] 5,94958,2023,1,0.0070845264609185055,0.013515192760931004
Non-durable manufacturing industries  [T011] 5,95982,2023,2,0.0107837149055372,0.014432788737474804
Non-durable manufacturing industries  [T011] 5,93712,2023,3,-0.02365026775853807,0.017807697009198074
Non-durable manufacturing industries  [T011] 5,93060,2023,4,-0.006957486767969923,0.015638062653108017
Non-durable manufacturing industries  [T011] 5,93886,2024,1,0.00887599398237704,0.01605042717697297
Non-durable manufacturing industries  [T011] 5,94875,2024,2,0.010534051935325861,0.015980656400853617
Non-durable manufacturing industries  [T011] 5,95882,2024,3,0.010613965744400433,0.008520490354203008
Non-durable manufacturing industries  [T011] 5,94313,2024,4,-0.01636386391606348,0.013210247554167649
Non-durable manufacturing industries  [T011] 5,92770,2025,1,-0.016360416909651954,0.015551627306214849
Non-durable manufacturing industries  [T011] 5,90630,2025,2,-0.0230678020911933,0.014943822336221031
Non-durable manufacturing industries  [T011] 5,91701,2025,3,0.01181727904667329,0.015532385706967848
Other services (except public administration)  [81],41663,2022,1,,
Other services (except public administration)  [81],42697,2022,2,0.02481818400019198,
Other services (except public administration)  [81],43491,2022,3,0.0185961542965547,
Other services (except public administration)  [81],43889,2022,4,0.009151318663631614,
Other services (except public administration)  [81],44504,2023,1,0.014012622752853865,0.0066756425157043844
Other services (except public administration)  [81],44915,2023,2,0.009235124932590377,0.004512079515582445
Other services (except public administration)  [81],44844,2023,3,-0.0015807636646999468,0.006594053657017189
Other services (except public administration)  [81],44914,2023,4,0.0015609669075016264,0.007110839948113276
Other services (except public administration)  [81],44974,2024,1,0.0013358863606003357,0.004625131504177544
Other services (except public administration)  [81],44940,2024,2,-0.0007559923511362143,0.0015506042929952944
Other services (except public administration)  [81],44974,2024,3,0.0007565643079661122,0.00104344873828729
Other services (except public administration)  [81],44764,2024,4,-0.004669364521723618,0.002705205195580031
Other services (except public administration)  [81],44740,2025,1,-0.0005361451166115971,0.002342469248661469
Other services (except public administration)  [81],44561,2025,2,-0.004000894054537296,0.0026343887970987977
Other services (except public administration)  [81],44343,2025,3,-0.004892170283431696,0.00202800829215852
"Professional, scientific and technical services  [54]",153050,2022,1,,
"Professional, scientific and technical services  [54]",155561,2022,2,0.016406403136230097,
"Professional, scientific and technical services  [54]",158890,2022,3,0.021399965286929223,
"Professional, scientific and technical services  [54]",160838,2022,4,0.012260054125495579,
"Professional, scientific and technical services  [54]",163691,2023,1,0.01773834541588437,0.0037733611772676028
"Professional, scientific and technical services  [54]",165452,2023,2,0.010758074665070172,0.0049260114836371695
"Professional, scientific and technical services  [54]",164972,2023,3,-0.0029011435340763336,0.008772193083434228
"Professional, scientific and technical services  [54]",165317,2023,4,0.002091263972068047,0.00915676354617759
"Professional, scientific and technical services  [54]",166868,2024,1,0.009381975235456697,0.00640660537505613
"Professional, scientific and technical services  [54]",168233,2024,2,0.00818011841695232,0.005702825212343231
"Professional, scientific and technical services  [54]",169223,2024,3,0.005884695630464787,0.003208882634454189
"Professional, scientific and technical services  [54]",169620,2024,4,0.0023460167944073795,0.0030958048367578477
"Professional, scientific and technical services  [54]",168854,2025,1,-0.00451597688951777,0.005539853620454765
"Professional, scientific and technical services  [54]",168558,2025,2,-0.0017529937105428273,0.004569404189166256
"Professional, scientific and technical services  [54]",168304,2025,3,-0.0015068997021796537,0.0028208006220929948
Public administration  [91],156117,2022,1,,
Public administration  [91],157012,2022,2,0.005732879827309079,
Public administration  [91],157999,2022,3,0.006286143734236971,
Public administration  [91],159620,2022,4,0.010259558604801322,
Public administration  [91],160825,2023,1,0.007549179300839537,0.0020171205969220117
Public administration  [91],160423,2023,2,-0.002499611378827926,0.005520367939497123
Public administration  [91],161969,2023,3,0.00963702212276285,0.005938330860033559
Public administration  [91],162596,2023,4,0.0038711111385512087,0.005322868703391191
Public administration  [91],163917,2024,1,0.008124431105316354,0.005434294255419888
Public administration  [91],164921,2024,2,0.006125051092931155,0.0025006015621220727
Public administration  [91],166872,2024,3,0.011829906440053106,0.00337622621095773
Public administration  [91],166493,2024,4,-0.0022712018792847566,0.005969931234804444
Public administration  [91],167076,2025,1,0.003501648717964212,0.0058555644124727154
Public administration  [91],168417,2025,2,0.008026287438052115,0.0060725138660316464
Public administration  [91],167470,2025,3,-0.005622947802181533,0.0060596378524661754
Public sector  [T018] 5,442809,2022,1,,
Public sector  [T018] 5,446680,2022,2,0.008741918073029264,
Public sector  [T018] 5,450369,2022,3,0.008258708695262795,
Public sector  [T018] 5,454471,2022,4,0.00910808692427767,
Public sector  [T018] 5,458182,2023,1,0.008165537515044896,0.00043953660367113703
Public sector  [T018] 5,459016,2023,2,0.0018202373729216959,0.0033720421801808967
Public sector  [T018] 5,462409,2023,3,0.007391899193056384,0.0032768279426103465
Public sector  [T018] 5,458761,2023,4,-0.007889119805194134,0.007401790018256011
Public sector  [T018] 5,468247,2024,1,0.020677433347647156,0.011926761891893848
Public sector  [T018] 5,474201,2024,2,0.01271551125794712,0.01204971226648126
Public sector  [T018] 5,478869,2024,3,0.00984392694237246,0.012055644556633662
Public sector  [T018] 5,479479,2024,4,0.0012738348065963745,0.008009687553479585
Public sector  [T018] 5,481151,2025,1,0.0034871183096651936,0.00534692522218968
Public sector  [T018] 5,483577,2025,2,0.005042076188140454,0.003633517887356109
Public sector  [T018] 5,483249,2025,3,-0.0006782787436127036,0.0025066561632310267
Real estate and rental and leasing  [53],290700,2022,1,,
Real estate and rental and leasing  [53],286512,2022,2,-0.014406604747162044,
Real estate and rental and leasing  [53],286358,2022,3,-0.0005374993019489072,
Real estate and rental and leasing  [53],287838,2022,4,0.0051683556946200415,
Real estate and rental and leasing  [53],289603,2023,1,0.006131921428025544,0.00946629385695425
Real estate and rental and leasing  [53],293886,2023,2,0.014789211437726824,0.006327084707017606
Real estate and rental and leasing  [53],295221,2023,3,0.004542577734223396,0.0047988636515225915
Real estate and rental and leasing  [53],295750,2023,4,0.001791877949061993,0.005611009939290668
Real estate and rental and leasing  [53],299767,2024,1,0.013582417582417516,0.0064786984939965995
Real estate and rental and leasing  [53],301204,2024,2,0.004793723124960403,0.005120361131215121
Real estate and rental and leasing  [53],302534,2024,3,0.004415612010464587,0.0051342503705197485
Real estate and rental and leasing  [53],305551,2024,4,0.009972432850522628,0.004398330409656225
Real estate and rental and leasing  [53],304411,2025,1,-0.0037309647162012682,0.005661716320379648
Real estate and rental and leasing  [53],305483,2025,2,0.003521554740137489,0.0056276125810291785
Real estate and rental and leasing  [53],308450,2025,3,0.009712488092627147,0.006462182437114644
Retail trade  [44-45],114451,2022,1,,
Retail trade  [44-45],116072,2022,2,0.014163266376003625,
Retail trade  [44-45],116461,2022,3,0.003351368116341513,
Retail trade  [44-45],116512,2022,4,0.00043791483844368706,
Retail trade  [44-45],118798,2023,1,0.019620296621807087,0.009019384742096941
Retail trade  [44-45],118863,2023,2,0.0005471472583713499,0.00918690475887156
Retail trade  [44-45],118054,2023,3,-0.006806154985151025,0.011316159814150772
Retail trade  [44-45],119817,2023,4,0.014933843834177507,0.012307791745539419
Retail trade  [44-45],119631,2024,1,-0.0015523673602243493,0.009298212402128973
Retail trade  [44-45],119571,2024,2,-0.000501542242395403,0.009359168905481125
Retail trade  [44-45],121278,2024,3,0.014276036831673222,0.009039259136826964
Retail trade  [44-45],122799,2024,4,0.012541433730767437,0.008375473893693558
Retail trade  [44-45],123436,2025,1,0.005187338659109697,0.006834687435860885
Retail trade  [44-45],124116,2025,2,0.005508927703425259,0.004709191010825255
Retail trade  [44-45],123930,2025,3,-0.001498598085661773,0.005734195207315191
Services-producing industries  [T003] 5,1607533,2022,1,,
Services-producing industries  [T003] 5,1623639,2022,2,0.010019078924040858,
Services-producing industries  [T003] 5,1635846,2022,3,0.007518296862787821,
Services-producing industries  [T003] 5,1644899,2022,4,0.005534139521691017,
Services-producing industries  [T003] 5,1665855,2023,1,0.012739991938714779,0.0031211542852788246
Services-producing industries  [T003] 5,1673444,2023,2,0.00455561858625142,0.0036497285497232757
Services-producing industries  [T003] 5,1678166,2023,3,0.002821725734473368,0.0043646435223114715
Services-producing industries  [T003] 5,1682143,2023,4,0.002369848989909329,0.00483807814970114
Services-producing industries  [T003] 5,1701728,2024,1,0.011642886484680481,0.004301352823691514
Services-producing industries  [T003] 5,1713184,2024,2,0.006731980669061111,0.004305438192200606
Services-producing industries  [T003] 5,1725001,2024,3,0.006897682910883995,0.003787920574022334
Services-producing industries  [T003] 5,1734271,2024,4,0.005373909928168219,0.0027405552573919597
Services-producing industries  [T003] 5,1738133,2025,1,0.002226872270827407,0.002164293903426163
Services-producing industries  [T003] 5,1741143,2025,2,0.0017317431980177211,0.002487295495123954
Services-producing industries  [T003] 5,1744896,2025,3,0.002155480623935002,0.0016821938717389723
Transportation and warehousing  [48-49],87581,2022,1,,
Transportation and warehousing  [48-49],92924,2022,2,0.06100638266290637,
Transportation and warehousing  [48-49],93980,2022,3,0.01136412552193189,
Transportation and warehousing  [48-49],94455,2022,4,0.005054266865290424,
Transportation and warehousing  [48-49],96719,2023,1,0.02396908580805679,0.02503867679929379
Transportation and warehousing  [48-49],97773,2023,2,0.010897548568533644,0.007967101295537961
Transportation and warehousing  [48-49],98956,2023,3,0.012099454859726189,0.007930672491265835
Transportation and warehousing  [48-49],99975,2023,4,0.010297505962245879,0.0064789207551971305
Transportation and warehousing  [48-49],100901,2024,1,0.009262315578894675,0.0011848563573390969
Transportation and warehousing  [48-49],101779,2024,2,0.008701598596644322,0.0014937299314155366
Transportation and warehousing  [48-49],102479,2024,3,0.00687764666581514,0.0014329988096620672
Transportation and warehousing  [48-49],102596,2024,4,0.0011416973233540073,0.003711755121441474
Transportation and warehousing  [48-49],102278,2025,1,-0.003099536044290252,0.005401998371669684
Transportation and warehousing  [48-49],102350,2025,2,0.000703963706760069,0.00411507323267347
Transportation and warehousing  [48-49],102489,2025,3,0.0013580850024426105,0.002101415500076823
Utilities  [22],47499,2022,1,,
Utilities  [22],47357,2022,2,-0.002989536621823663,
Utilities  [22],48430,2022,3,0.02265768524188605,
Utilities  [22],47510,2022,4,-0.018996489779062542,
Utilities  [22],47104,2023,1,-0.008545569353820226,0.017707830589408828
Utilities  [22],47165,2023,2,0.0012950067934782705,0.017755001488616553
Utilities  [22],46147,2023,3,-0.021583801547757853,0.010479873813829374
Utilities  [22],46400,2023,4,0.005482479901185444,0.012031822379184279
Utilities  [22],45960,2024,1,-0.009482758620689702,0.012110987521249715
Utilities  [22],46463,2024,2,0.010944299390774681,0.014742655564779602
Utilities  [22],47705,2024,3,0.026730947205303224,0.014953267861359714
Utilities  [22],47216,2024,4,-0.010250497851378215,0.017784242955534876
Utilities  [22],48752,2025,1,0.032531345306675785,0.019139828089062172
Utilities  [22],46763,2025,2,-0.040798326222514,0.03428091222419461
Utilities  [22],45617,2025,3,-0.024506554327138996,0.03144131520406934
Wholesale trade  [41],124097,2022,1,,
Wholesale trade  [41],122802,2022,2,-0.010435385222849813,
Wholesale trade  [41],122418,2022,3,-0.003126984902526053,
Wholesale trade  [41],122074,2022,4,-0.0028100442745347953,
Wholesale trade  [41],123489,2023,1,0.011591329849107934,0.009223446273042113
Wholesale trade  [41],121274,2023,2,-0.017936820283588006,0.012056087825383137
Wholesale trade  [41],122683,2023,3,0.011618318848227949,0.014112096522858199
Wholesale trade  [41],124254,2023,4,0.012805360155848877,0.014981608788190614
Wholesale trade  [41],124385,2024,1,0.0010542920147440515,0.01423126132282146
Wholesale trade  [41],124277,2024,2,-0.0008682718977368609,0.0070573528231972936
Wholesale trade  [41],123680,2024,3,-0.0048037850929777415,0.007575395456649506
Wholesale trade  [41],125574,2024,4,0.015313712807244473,0.0087721292341274
Wholesale trade  [41],127296,2025,1,0.013713029767308482,0.010165741454673137
Wholesale trade  [41],125296,2025,2,-0.015711412770236355,0.014993000916592523
Wholesale trade  [41],126115,2025,3,0.006536521517047644,0.01430160352198355
